,E.XX,MML_STRESS_GUESS_XX,MML_STRESS_GUESS_YY,MML_STRESS_GUESS_ZZ,MML_STRESS_GUESS_XY,MML_STRESS_GUESS_YZ,MML_STRESS_GUESS_XZ,DELTA_EXX,DELTA_EYY,DELTA_EZZ,DELTA_EXY,DELTA_EYZ,DELTA_EXZ,TRIAL_STRESS_PRE_TRANS_XX,TRIAL_STRESS_PRE_TRANS_YY,TRIAL_STRESS_PRE_TRANS_ZZ,TRIAL_STRESS_PRE_TRANS_XY,TRIAL_STRESS_PRE_TRANS_YZ,TRIAL_STRESS_PRE_TRANS_XZ,DELTA_SXX,DELTA_SYY,DELTA_SZZ,DELTA_SXY,DELTA_SYZ,DELTA_SXZ,TRIAL_STRESS_POST_TRANS_XX,TRIAL_STRESS_POST_TRANS_YY,TRIAL_STRESS_POST_TRANS_ZZ,TRIAL_STRESS_PRE_TRANS_XY,TRIAL_STRESS_PRE_TRANS_YZ,TRIAL_STRESS_PRE_TRANS_XZ,CONV_STRESS_ISO_XX,CONV_STRESS_ISO_YY,CONV_STRESS_ISO_ZZ,CONV_STRESS_ISO_XY,CONV_STRESS_ISO_YZ,CONV_STRESS_ISO_XZ,FICT_SXX,FICT_SYY,FICT_SZZ,FICT_SXY,FICT_SYZ,FICT_SXZ,FICT_EP_XX,FICT_EP_YY,FICT_EP_ZZ,REAL_EP_XX,REAL_EP_YY,REAL_EP_ZZ,S.XX,S.YY,S.ZZ,S.YZ,S.XZ,S.XY,S.VM
0,0.0,0.0,0.0,0.0,0.0,0.0,0.0,0.0,0.0,0.0,0.0,0.0,0.0,0.0,0.0,0.0,0.0,0.0,0.0,0.0,0.0,0.0,0.0,0.0,0.0,0.0,0.0,0.0,0.0,0.0,0.0,0.0,0.0,0.0,0.0,0.0,0.0,0.0,0.0,0.0,0.0,0.0,0.0,0.0,0.0,0.0,1e-32,1e-32,1e-32,0.0,0.0,0.0,0.0,0.0,0.0,0.0
1,9.999999999999999e-05,0.0,0.0,0.0,0.0,0.0,0.0,0.0,0.0,0.0,0.0,0.0,0.0,0.0,0.0,0.0,0.0,0.0,0.0,0.0,0.0,0.0,0.0,0.0,0.0,0.0,0.0,0.0,0.0,0.0,0.0,10.491897668200064,14.719260608891537,5.767074643357739e-16,0.0,0.0,0.0,10.491897668200064,14.719260608891537,5.767074643357739e-16,0.0,0.0,0.0,0.0,0.0,0.0,-0.00045903840895112035,0.0006095049730921156,-0.00015046656414099567,10.491897668200064,14.719260608891537,5.767074643357739e-16,0.0,0.0,0.0,0.0
2,0.00019999999999999998,0.0,0.0,0.0,0.0,0.0,0.0,0.0,0.0,0.0,0.0,0.0,0.0,0.0,0.0,0.0,0.0,0.0,0.0,0.0,0.0,0.0,0.0,0.0,0.0,0.0,0.0,0.0,0.0,0.0,0.0,17.67110329825618,16.842034598875333,9.252231684790668e-14,0.0,0.0,0.0,17.67110329825618,16.842034598875333,9.252231684790668e-14,0.0,0.0,0.0,0.0,0.0,0.0,-0.0010062705432971402,0.0023683459824990153,-0.0013620754392018872,17.67110329825618,16.842034598875333,9.252231684790668e-14,0.0,0.0,0.0,0.0
3,0.0002999999999999999,0.0,0.0,0.0,0.0,0.0,0.0,0.0,0.0,0.0,0.0,0.0,0.0,0.0,0.0,0.0,0.0,0.0,0.0,0.0,0.0,0.0,0.0,0.0,0.0,0.0,0.0,0.0,0.0,0.0,0.0,17.857373897881757,16.99066569218784,6.1681887895959076e-15,0.0,0.0,0.0,17.857373897881757,16.99066569218784,6.1681887895959076e-15,0.0,0.0,0.0,0.0,0.0,0.0,-0.0009199479847367102,0.0040917366818925575,-0.0031717886971558626,17.857373897881757,16.99066569218784,6.1681887895959076e-15,0.0,0.0,0.0,0.0
4,0.00039999999999999996,0.0,0.0,0.0,0.0,0.0,0.0,0.0,0.0,0.0,0.0,0.0,0.0,0.0,0.0,0.0,0.0,0.0,0.0,0.0,0.0,0.0,0.0,0.0,0.0,0.0,0.0,0.0,0.0,0.0,0.0,18.039857581187697,17.157115783180902,-1.048426211298914e-14,0.0,0.0,0.0,18.039857581187697,17.157115783180902,-1.048426211298914e-14,0.0,0.0,0.0,0.0,0.0,0.0,-0.0008326533681923047,0.005813219369562581,-0.004980566001370295,18.039857581187697,17.157115783180902,-1.048426211298914e-14,0.0,0.0,0.0,0.0
5,0.0004999999999999999,0.0,0.0,0.0,0.0,0.0,0.0,0.0,0.0,0.0,0.0,0.0,0.0,0.0,0.0,0.0,0.0,0.0,0.0,0.0,0.0,0.0,0.0,0.0,0.0,0.0,0.0,0.0,0.0,0.0,0.0,18.224062896248196,17.325728001652802,-9.763321878394904e-15,0.0,0.0,0.0,18.224062896248196,17.325728001652802,-9.763321878394904e-15,0.0,0.0,0.0,0.0,0.0,0.0,-0.0007454589308505489,0.007534543159557196,-0.00678908422870667,18.224062896248196,17.325728001652802,-9.763321878394904e-15,0.0,0.0,0.0,0.0
6,0.0005999999999999998,0.0,0.0,0.0,0.0,0.0,0.0,0.0,0.0,0.0,0.0,0.0,0.0,0.0,0.0,0.0,0.0,0.0,0.0,0.0,0.0,0.0,0.0,0.0,0.0,0.0,0.0,0.0,0.0,0.0,0.0,18.409232491216557,17.49495128556128,-2.1028101135356358e-16,0.0,0.0,0.0,18.409232491216557,17.49495128556128,-2.1028101135356358e-16,0.0,0.0,0.0,0.0,0.0,0.0,-0.0006583405919143821,0.009255837934817003,-0.00859749734290265,18.409232491216557,17.49495128556128,-2.1028101135356358e-16,0.0,0.0,0.0,0.0
7,0.0007,0.0,0.0,0.0,0.0,0.0,0.0,0.0,0.0,0.0,0.0,0.0,0.0,0.0,0.0,0.0,0.0,0.0,0.0,0.0,0.0,0.0,0.0,0.0,0.0,0.0,0.0,0.0,0.0,0.0,0.0,18.595150711045928,17.664185426003645,-6.40140067689754e-16,0.0,0.0,0.0,18.595150711045928,17.664185426003645,-6.40140067689754e-16,0.0,0.0,0.0,0.0,0.0,0.0,-0.0005712967736887517,0.010977156534374343,-0.010405859760685615,18.595150711045928,17.664185426003645,-6.40140067689754e-16,0.0,0.0,0.0,0.0
8,0.0007999999999999999,0.0,0.0,0.0,0.0,0.0,0.0,0.0,0.0,0.0,0.0,0.0,0.0,0.0,0.0,0.0,0.0,0.0,0.0,0.0,0.0,0.0,0.0,0.0,0.0,0.0,0.0,0.0,0.0,0.0,0.0,18.78168066528434,17.833205391400185,-5.024463917840949e-16,0.0,0.0,0.0,18.78168066528434,17.833205391400185,-5.024463917840949e-16,0.0,0.0,0.0,0.0,0.0,0.0,-0.0004843212802387277,0.012698516903595015,-0.01221419562335632,18.78168066528434,17.833205391400185,-5.024463917840949e-16,0.0,0.0,0.0,0.0
9,0.0008999999999999999,0.0,0.0,0.0,0.0,0.0,0.0,0.0,0.0,0.0,0.0,0.0,0.0,0.0,0.0,0.0,0.0,0.0,0.0,0.0,0.0,0.0,0.0,0.0,0.0,0.0,0.0,0.0,0.0,0.0,0.0,18.968728043726443,18.001917772644887,-9.648044082405383e-16,0.0,0.0,0.0,18.968728043726443,18.001917772644887,-9.648044082405383e-16,0.0,0.0,0.0,0.0,0.0,0.0,-0.0003974077900082159,0.014419925244094975,-0.014022517454086794,18.968728043726443,18.001917772644887,-9.648044082405383e-16,0.0,0.0,0.0,0.0
10,0.0009999999999999998,0.0,0.0,0.0,0.0,0.0,0.0,0.0,0.0,0.0,0.0,0.0,0.0,0.0,0.0,0.0,0.0,0.0,0.0,0.0,0.0,0.0,0.0,0.0,0.0,0.0,0.0,0.0,0.0,0.0,0.0,19.156218453325916,18.170288376694856,-7.299689281856092e-15,0.0,0.0,0.0,19.156218453325916,18.170288376694856,-7.299689281856092e-15,0.0,0.0,0.0,0.0,0.0,0.0,-0.00031055000096298256,0.016141382499395895,-0.015830832498432954,19.156218453325916,18.170288376694856,-7.299689281856092e-15,0.0,0.0,0.0,0.0
11,0.0010999999999999998,0.0,0.0,0.0,0.0,0.0,0.0,0.0,0.0,0.0,0.0,0.0,0.0,0.0,0.0,0.0,0.0,0.0,0.0,0.0,0.0,0.0,0.0,0.0,0.0,0.0,0.0,0.0,0.0,0.0,0.0,19.344086949882005,18.33831442143384,-1.626167733456696e-15,0.0,0.0,0.0,19.344086949882005,18.33831442143384,-1.626167733456696e-15,0.0,0.0,0.0,0.0,0.0,0.0,-0.00022374150983556736,0.017862886786680538,-0.017639145276845014,19.344086949882005,18.33831442143384,-1.626167733456696e-15,0.0,0.0,0.0,0.0
12,0.0011999999999999997,0.0,0.0,0.0,0.0,0.0,0.0,0.0,0.0,0.0,0.0,0.0,0.0,0.0,0.0,0.0,0.0,0.0,0.0,0.0,0.0,0.0,0.0,0.0,0.0,0.0,0.0,0.0,0.0,0.0,0.0,19.532272964669392,18.506012335577758,5.046475932447836e-14,0.0,0.0,0.0,19.532272964669392,18.506012335577758,5.046475932447836e-14,0.0,0.0,0.0,0.0,0.0,0.0,-0.00013697571114494635,0.019584434447763647,-0.019447458736618746,19.532272964669392,18.506012335577758,5.046475932447836e-14,0.0,0.0,0.0,0.0
13,0.0013,0.0,0.0,0.0,0.0,0.0,0.0,0.0,0.0,0.0,0.0,0.0,0.0,0.0,0.0,0.0,0.0,0.0,0.0,0.0,0.0,0.0,0.0,0.0,0.0,0.0,0.0,0.0,0.0,0.0,0.0,19.720717890856235,18.673411703212587,-2.8540131412693737e-15,0.0,0.0,0.0,19.720717890856235,18.673411703212587,-2.8540131412693737e-15,0.0,0.0,0.0,0.0,0.0,0.0,-5.024575754202921e-05,0.021306020574207,-0.02125577481666502,19.720717890856235,18.673411703212587,-2.8540131412693737e-15,0.0,0.0,0.0,0.0
14,0.0014,0.0,0.0,0.0,0.0,0.0,0.0,0.0,0.0,0.0,0.0,0.0,0.0,0.0,0.0,0.0,0.0,0.0,0.0,0.0,0.0,0.0,0.0,0.0,0.0,0.0,0.0,0.0,0.0,0.0,0.0,19.90936408021502,18.840551832477153,1.2960823820434841e-15,0.0,0.0,0.0,19.90936408021502,18.840551832477153,1.2960823820434841e-15,0.0,0.0,0.0,0.0,0.0,0.0,3.645542622032782e-05,0.0230276393170045,-0.02306409474322488,19.90936408021502,18.840551832477153,1.2960823820434841e-15,0.0,0.0,0.0,0.0
15,0.0014999999999999998,0.0,0.0,0.0,0.0,0.0,0.0,0.0,0.0,0.0,0.0,0.0,0.0,0.0,0.0,0.0,0.0,0.0,0.0,0.0,0.0,0.0,0.0,0.0,0.0,0.0,0.0,0.0,0.0,0.0,0.0,20.09815464005759,19.007479477868046,1.5514763681678118e-15,0.0,0.0,0.0,20.09815464005759,19.007479477868046,1.5514763681678118e-15,0.0,0.0,0.0,0.0,0.0,0.0,0.00012313508772288253,0.02474928410756638,-0.02487241919528932,20.09815464005759,19.007479477868046,1.5514763681678118e-15,0.0,0.0,0.0,0.0
16,0.0015999999999999999,0.0,0.0,0.0,0.0,0.0,0.0,0.0,0.0,0.0,0.0,0.0,0.0,0.0,0.0,0.0,0.0,0.0,0.0,0.0,0.0,0.0,0.0,0.0,0.0,0.0,0.0,0.0,0.0,0.0,0.0,20.28703370528526,19.174247050607192,-4.5713419486413664e-15,0.0,0.0,0.0,20.28703370528526,19.174247050607192,-4.5713419486413664e-15,0.0,0.0,0.0,0.0,0.0,0.0,0.00020980056006482284,0.026470947845728284,-0.026680748405793164,20.28703370528526,19.174247050607192,-4.5713419486413664e-15,0.0,0.0,0.0,0.0
17,0.0017,0.0,0.0,0.0,0.0,0.0,0.0,0.0,0.0,0.0,0.0,0.0,0.0,0.0,0.0,0.0,0.0,0.0,0.0,0.0,0.0,0.0,0.0,0.0,0.0,0.0,0.0,0.0,0.0,0.0,0.0,20.47594699205004,19.340911006220622,2.0892914676974572e-17,0.0,0.0,0.0,20.47594699205004,19.340911006220622,2.0892914676974572e-17,0.0,0.0,0.0,0.0,0.0,0.0,0.00029645915279431247,0.028192623079423898,-0.028489082232218257,20.47594699205004,19.340911006220622,2.0892914676974572e-17,0.0,0.0,0.0,0.0
18,0.0017999999999999997,0.0,0.0,0.0,0.0,0.0,0.0,0.0,0.0,0.0,0.0,0.0,0.0,0.0,0.0,0.0,0.0,0.0,0.0,0.0,0.0,0.0,0.0,0.0,0.0,0.0,0.0,0.0,0.0,0.0,0.0,20.6648332131918,19.507522008035153,4.649058915617843e-16,0.0,0.0,0.0,20.6648332131918,19.507522008035153,4.649058915617843e-16,0.0,0.0,0.0,0.0,0.0,0.0,0.0003831182363801979,0.029914302354449872,-0.030297420590830126,20.6648332131918,19.507522008035153,4.649058915617843e-16,0.0,0.0,0.0,0.0
19,0.0018999999999999998,0.0,0.0,0.0,0.0,0.0,0.0,0.0,0.0,0.0,0.0,0.0,0.0,0.0,0.0,0.0,0.0,0.0,0.0,0.0,0.0,0.0,0.0,0.0,0.0,0.0,0.0,0.0,0.0,0.0,0.0,20.853670302927966,19.67416294337569,2.5922189741955926e-15,0.0,0.0,0.0,20.853670302927966,19.67416294337569,2.5922189741955926e-15,0.0,0.0,0.0,0.0,0.0,0.0,0.00046978360758908396,0.031635977295164944,-0.0321057609027541,20.853670302927966,19.67416294337569,2.5922189741955926e-15,0.0,0.0,0.0,0.0
20,0.0019999999999999996,0.0,0.0,0.0,0.0,0.0,0.0,0.0,0.0,0.0,0.0,0.0,0.0,0.0,0.0,0.0,0.0,0.0,0.0,0.0,0.0,0.0,0.0,0.0,0.0,0.0,0.0,0.0,0.0,0.0,0.0,21.04239334597206,19.840877885681863,1.200537065593199e-15,0.0,0.0,0.0,21.04239334597206,19.840877885681863,1.200537065593199e-15,0.0,0.0,0.0,0.0,0.0,0.0,0.0005564631599575558,0.03335764127478309,-0.03391410443474072,21.04239334597206,19.840877885681863,1.200537065593199e-15,0.0,0.0,0.0,0.0
21,0.0020999999999999994,0.0,0.0,0.0,0.0,0.0,0.0,0.0,0.0,0.0,0.0,0.0,0.0,0.0,0.0,0.0,0.0,0.0,0.0,0.0,0.0,0.0,0.0,0.0,0.0,0.0,0.0,0.0,0.0,0.0,0.0,21.23096254593347,20.007723041741556,-3.753074240275822e-15,0.0,0.0,0.0,21.23096254593347,20.007723041741556,-3.753074240275822e-15,0.0,0.0,0.0,0.0,0.0,0.0,0.0006431626868422912,0.03507928729788264,-0.03572244998472503,21.23096254593347,20.007723041741556,-3.753074240275822e-15,0.0,0.0,0.0,0.0
22,0.0021999999999999997,0.0,0.0,0.0,0.0,0.0,0.0,0.0,0.0,0.0,0.0,0.0,0.0,0.0,0.0,0.0,0.0,0.0,0.0,0.0,0.0,0.0,0.0,0.0,0.0,0.0,0.0,0.0,0.0,0.0,0.0,21.419327493460735,20.1747393530654,-3.427434117769801e-17,0.0,0.0,0.0,21.419327493460735,20.1747393530654,-3.427434117769801e-17,0.0,0.0,0.0,0.0,0.0,0.0,0.0007298878260733428,0.0368009090202796,-0.03753079684635303,21.419327493460735,20.1747393530654,-3.427434117769801e-17,0.0,0.0,0.0,0.0
23,0.0023,0.0,0.0,0.0,0.0,0.0,0.0,0.0,0.0,0.0,0.0,0.0,0.0,0.0,0.0,0.0,0.0,0.0,0.0,0.0,0.0,0.0,0.0,0.0,0.0,0.0,0.0,0.0,0.0,0.0,0.0,21.607484440963532,20.341997697572932,-1.19680707130667e-14,0.0,0.0,0.0,21.607484440963532,20.341997697572932,-1.19680707130667e-14,0.0,0.0,0.0,0.0,0.0,0.0,0.0008166418229540036,0.03852249961153137,-0.03933914143448548,21.607484440963532,20.341997697572932,-1.19680707130667e-14,0.0,0.0,0.0,0.0
24,0.0023999999999999994,0.0,0.0,0.0,0.0,0.0,0.0,0.0,0.0,0.0,0.0,0.0,0.0,0.0,0.0,0.0,0.0,0.0,0.0,0.0,0.0,0.0,0.0,0.0,0.0,0.0,0.0,0.0,0.0,0.0,0.0,21.7953964370655,20.50953401379637,1.942920786280125e-15,0.0,0.0,0.0,21.7953964370655,20.50953401379637,1.942920786280125e-15,0.0,0.0,0.0,0.0,0.0,0.0,0.0009034295698651765,0.040244054247684895,-0.04114748381755019,21.7953964370655,20.50953401379637,1.942920786280125e-15,0.0,0.0,0.0,0.0
25,0.0024999999999999996,0.0,0.0,0.0,0.0,0.0,0.0,0.0,0.0,0.0,0.0,0.0,0.0,0.0,0.0,0.0,0.0,0.0,0.0,0.0,0.0,0.0,0.0,0.0,0.0,0.0,0.0,0.0,0.0,0.0,0.0,21.98304407869669,20.677384794629564,-3.606234302605711e-15,0.0,0.0,0.0,21.98304407869669,20.677384794629564,-3.606234302605711e-15,0.0,0.0,0.0,0.0,0.0,0.0,0.000990254222740378,0.04196556863363956,-0.04295582285638007,21.98304407869669,20.677384794629564,-3.606234302605711e-15,0.0,0.0,0.0,0.0
26,0.0026,0.0,0.0,0.0,0.0,0.0,0.0,0.0,0.0,0.0,0.0,0.0,0.0,0.0,0.0,0.0,0.0,0.0,0.0,0.0,0.0,0.0,0.0,0.0,0.0,0.0,0.0,0.0,0.0,0.0,0.0,22.17041254114561,20.84558071356812,4.9414445246146604e-15,0.0,0.0,0.0,22.17041254114561,20.84558071356812,4.9414445246146604e-15,0.0,0.0,0.0,0.0,0.0,0.0,0.001077118285822434,0.04368703920863371,-0.044764157494456266,22.17041254114561,20.84558071356812,4.9414445246146604e-15,0.0,0.0,0.0,0.0
27,0.0026999999999999997,0.0,0.0,0.0,0.0,0.0,0.0,0.0,0.0,0.0,0.0,0.0,0.0,0.0,0.0,0.0,0.0,0.0,0.0,0.0,0.0,0.0,0.0,0.0,0.0,0.0,0.0,0.0,0.0,0.0,0.0,22.357491784081155,21.014145814676347,7.870575935778334e-15,0.0,0.0,0.0,22.357491784081155,21.014145814676347,7.870575935778334e-15,0.0,0.0,0.0,0.0,0.0,0.0,0.0011640235640953988,0.04540846323411761,-0.046572486798213145,22.357491784081155,21.014145814676347,7.870575935778334e-15,0.0,0.0,0.0,0.0
28,0.0028,0.0,0.0,0.0,0.0,0.0,0.0,0.0,0.0,0.0,0.0,0.0,0.0,0.0,0.0,0.0,0.0,0.0,0.0,0.0,0.0,0.0,0.0,0.0,0.0,0.0,0.0,0.0,0.0,0.0,0.0,22.544276088915023,21.183097701417395,2.678995805575901e-16,0.0,0.0,0.0,22.544276088915023,21.183097701417395,2.678995805575901e-16,0.0,0.0,0.0,0.0,0.0,0.0,0.00125097121584435,0.047129838759473,-0.04838080997531749,22.544276088915023,21.183097701417395,2.678995805575901e-16,0.0,0.0,0.0,0.0
29,0.0028999999999999994,0.0,0.0,0.0,0.0,0.0,0.0,0.0,0.0,0.0,0.0,0.0,0.0,0.0,0.0,0.0,0.0,0.0,0.0,0.0,0.0,0.0,0.0,0.0,0.0,0.0,0.0,0.0,0.0,0.0,0.0,22.73076354650678,21.35244790429957,-4.731644627975137e-15,0.0,0.0,0.0,22.73076354650678,21.35244790429957,-4.731644627975137e-15,0.0,0.0,0.0,0.0,0.0,0.0,0.0013379618161349692,0.04885116456819638,-0.050189126384331484,22.73076354650678,21.35244790429957,-4.731644627975137e-15,0.0,0.0,0.0,0.0
30,0.0029999999999999996,0.0,0.0,0.0,0.0,0.0,0.0,0.0,0.0,0.0,0.0,0.0,0.0,0.0,0.0,0.0,0.0,0.0,0.0,0.0,0.0,0.0,0.0,0.0,0.0,0.0,0.0,0.0,0.0,0.0,0.0,22.916955515135506,21.522202396721266,7.428885523234896e-16,0.0,0.0,0.0,22.916955515135506,21.522202396721266,7.428885523234896e-16,0.0,0.0,0.0,0.0,0.0,0.0,0.001424995428200849,0.05057244010827141,-0.051997435536472396,22.916955515135506,21.522202396721266,7.428885523234896e-16,0.0,0.0,0.0,0.0
31,0.0030999999999999995,0.0,0.0,0.0,0.0,0.0,0.0,0.0,0.0,0.0,0.0,0.0,0.0,0.0,0.0,0.0,0.0,0.0,0.0,0.0,0.0,0.0,0.0,0.0,0.0,0.0,0.0,0.0,0.0,0.0,0.0,23.10285607934386,21.692362206967246,6.1213038218994875e-15,0.0,0.0,0.0,23.10285607934386,21.692362206967246,6.1213038218994875e-15,0.0,0.0,0.0,0.0,0.0,0.0,0.0015120716779447464,0.05229366541295427,-0.05380573709089917,23.10285607934386,21.692362206967246,6.1213038218994875e-15,0.0,0.0,0.0,0.0
32,0.0031999999999999997,0.0,0.0,0.0,0.0,0.0,0.0,0.0,0.0,0.0,0.0,0.0,0.0,0.0,0.0,0.0,0.0,0.0,0.0,0.0,0.0,0.0,0.0,0.0,0.0,0.0,0.0,0.0,0.0,0.0,0.0,23.28847153318129,21.862924079413524,2.9046453827244467e-16,0.0,0.0,0.0,23.28847153318129,21.862924079413524,2.9046453827244467e-16,0.0,0.0,0.0,0.0,0.0,0.0,0.0015991898276377923,0.05401484101744981,-0.05561403084508778,23.28847153318129,21.862924079413524,2.9046453827244467e-16,0.0,0.0,0.0,0.0
33,0.0032999999999999995,0.0,0.0,0.0,0.0,0.0,0.0,0.0,0.0,0.0,0.0,0.0,0.0,0.0,0.0,0.0,0.0,0.0,0.0,0.0,0.0,0.0,0.0,0.0,0.0,0.0,0.0,0.0,0.0,0.0,0.0,23.47380990448293,22.03388114538849,-3.8148066790980734e-14,0.0,0.0,0.0,23.47380990448293,22.03388114538849,-3.8148066790980734e-14,0.0,0.0,0.0,0.0,0.0,0.0,0.0016863488458360592,0.05573596787598786,-0.057422316721824095,23.47380990448293,22.03388114538849,-3.8148066790980734e-14,0.0,0.0,0.0,0.0
34,0.0034,0.0,0.0,0.0,0.0,0.0,0.0,0.0,0.0,0.0,0.0,0.0,0.0,0.0,0.0,0.0,0.0,0.0,0.0,0.0,0.0,0.0,0.0,0.0,0.0,0.0,0.0,0.0,0.0,0.0,0.0,23.658880530311006,22.205223572917934,6.926459460241535e-15,0.0,0.0,0.0,23.658880530311006,22.205223572917934,6.926459460241535e-15,0.0,0.0,0.0,0.0,0.0,0.0,0.00177354747147693,0.05745704728271399,-0.05923059475419111,23.658880530311006,22.205223572917934,6.926459460241535e-15,0.0,0.0,0.0,0.0
35,0.003499999999999999,0.0,0.0,0.0,0.0,0.0,0.0,0.0,0.0,0.0,0.0,0.0,0.0,0.0,0.0,0.0,0.0,0.0,0.0,0.0,0.0,0.0,0.0,0.0,0.0,0.0,0.0,0.0,0.0,0.0,0.0,23.843693688211047,22.376939173464102,-5.183739993242648e-16,0.0,0.0,0.0,23.843693688211047,22.376939173464102,-5.183739993242648e-16,0.0,0.0,0.0,0.0,0.0,0.0,0.0018607842709615,0.059178080798739194,-0.06103886506970088,23.843693688211047,22.376939173464102,-5.183739993242648e-16,0.0,0.0,0.0,0.0
36,0.0035999999999999995,0.0,0.0,0.0,0.0,0.0,0.0,0.0,0.0,0.0,0.0,0.0,0.0,0.0,0.0,0.0,0.0,0.0,0.0,0.0,0.0,0.0,0.0,0.0,0.0,0.0,0.0,0.0,0.0,0.0,0.0,24.028260283645825,22.54901395176843,1.1600734546699139e-14,0.0,0.0,0.0,24.028260283645825,22.54901395176843,1.1600734546699139e-14,0.0,0.0,0.0,0.0,0.0,0.0,0.0019480576877236038,0.060899070186749074,-0.06284712787447289,24.028260283645825,22.54901395176843,1.1600734546699139e-14,0.0,0.0,0.0,0.0
37,0.0036999999999999993,0.0,0.0,0.0,0.0,0.0,0.0,0.0,0.0,0.0,0.0,0.0,0.0,0.0,0.0,0.0,0.0,0.0,0.0,0.0,0.0,0.0,0.0,0.0,0.0,0.0,0.0,0.0,0.0,0.0,0.0,24.212591590986655,22.72143259162289,3.888965430069724e-16,0.0,0.0,0.0,24.212591590986655,22.72143259162289,3.888965430069724e-16,0.0,0.0,0.0,0.0,0.0,0.0,0.002035366084309526,0.06262001735380363,-0.06465538343811338,24.212591590986655,22.72143259162289,3.888965430069724e-16,0.0,0.0,0.0,0.0
38,0.0037999999999999996,0.0,0.0,0.0,0.0,0.0,0.0,0.0,0.0,0.0,0.0,0.0,0.0,0.0,0.0,0.0,0.0,0.0,0.0,0.0,0.0,0.0,0.0,0.0,0.0,0.0,0.0,0.0,0.0,0.0,0.0,24.396699043478232,22.894178875541375,-9.451854311162342e-15,0.0,0.0,0.0,24.396699043478232,22.894178875541375,-9.451854311162342e-15,0.0,0.0,0.0,0.0,0.0,0.0,0.0021227077773584,0.06434092430237708,-0.06646363207973573,24.396699043478232,22.894178875541375,-9.451854311162342e-15,0.0,0.0,0.0,0.0
39,0.0038999999999999994,0.0,0.0,0.0,0.0,0.0,0.0,0.0,0.0,0.0,0.0,0.0,0.0,0.0,0.0,0.0,0.0,0.0,0.0,0.0,0.0,0.0,0.0,0.0,0.0,0.0,0.0,0.0,0.0,0.0,0.0,24.58059406659949,23.067236040042637,-4.5693039873702726e-15,0.0,0.0,0.0,24.58059406659949,23.067236040042637,-4.5693039873702726e-15,0.0,0.0,0.0,0.0,0.0,0.0,0.002210081066098746,0.0660617930892817,-0.06827187415538073,24.58059406659949,23.067236040042637,-4.5693039873702726e-15,0.0,0.0,0.0,0.0
40,0.003999999999999999,0.0,0.0,0.0,0.0,0.0,0.0,0.0,0.0,0.0,0.0,0.0,0.0,0.0,0.0,0.0,0.0,0.0,0.0,0.0,0.0,0.0,0.0,0.0,0.0,0.0,0.0,0.0,0.0,0.0,0.0,24.76428794888575,23.240587070726516,1.1733215581847395e-14,0.0,0.0,0.0,24.76428794888575,23.240587070726516,1.1733215581847395e-14,0.0,0.0,0.0,0.0,0.0,0.0,0.002297484255093661,0.06778262579185941,-0.07008011004695335,24.76428794888575,23.240587070726516,1.1733215581847395e-14,0.0,0.0,0.0,0.0
41,0.0040999999999999995,0.0,0.0,0.0,0.0,0.0,0.0,0.0,0.0,0.0,0.0,0.0,0.0,0.0,0.0,0.0,0.0,0.0,0.0,0.0,0.0,0.0,0.0,0.0,0.0,0.0,0.0,0.0,0.0,0.0,0.0,24.947791744370708,23.414214942755045,1.1450343846914138e-15,0.0,0.0,0.0,24.947791744370708,23.414214942755045,1.1450343846914138e-15,0.0,0.0,0.0,0.0,0.0,0.0,0.00238491567200553,0.06950342448068543,-0.07188834015269126,24.947791744370708,23.414214942755045,1.1450343846914138e-15,0.0,0.0,0.0,0.0
42,0.004199999999999999,0.0,0.0,0.0,0.0,0.0,0.0,0.0,0.0,0.0,0.0,0.0,0.0,0.0,0.0,0.0,0.0,0.0,0.0,0.0,0.0,0.0,0.0,0.0,0.0,0.0,0.0,0.0,0.0,0.0,0.0,25.13111620123124,23.588102813039857,-6.894065532206742e-15,0.0,0.0,0.0,25.13111620123124,23.588102813039857,-6.894065532206742e-15,0.0,0.0,0.0,0.0,0.0,0.0,0.0024723736811324555,0.07122419119797416,-0.07369656487910693,25.13111620123124,23.588102813039857,-6.894065532206742e-15,0.0,0.0,0.0,0.0
43,0.004299999999999999,0.0,0.0,0.0,0.0,0.0,0.0,0.0,0.0,0.0,0.0,0.0,0.0,0.0,0.0,0.0,0.0,0.0,0.0,0.0,0.0,0.0,0.0,0.0,0.0,0.0,0.0,0.0,0.0,0.0,0.0,25.31427171176095,23.762234170554937,-9.895547109593089e-17,0.0,0.0,0.0,25.31427171176095,23.762234170554937,-9.895547109593089e-17,0.0,0.0,0.0,0.0,0.0,0.0,0.002559856693416863,0.07294492794088224,-0.07550478463429947,25.31427171176095,23.762234170554937,-9.895547109593089e-17,0.0,0.0,0.0,0.0
44,0.004399999999999999,0.0,0.0,0.0,0.0,0.0,0.0,0.0,0.0,0.0,0.0,0.0,0.0,0.0,0.0,0.0,0.0,0.0,0.0,0.0,0.0,0.0,0.0,0.0,0.0,0.0,0.0,0.0,0.0,0.0,0.0,25.497268279439137,23.936592950957426,3.0269772690987018e-15,0.0,0.0,0.0,25.497268279439137,23.936592950957426,3.0269772690987018e-15,0.0,0.0,0.0,0.0,0.0,0.0,0.0026473631735560305,0.07466563664895026,-0.07731299982250665,25.497268279439137,23.936592950957426,3.0269772690987018e-15,0.0,0.0,0.0,0.0
45,0.0045,0.0,0.0,0.0,0.0,0.0,0.0,0.0,0.0,0.0,0.0,0.0,0.0,0.0,0.0,0.0,0.0,0.0,0.0,0.0,0.0,0.0,0.0,0.0,0.0,0.0,0.0,0.0,0.0,0.0,0.0,25.68011549948325,24.1111636212396,-1.1424661807953387e-15,0.0,0.0,0.0,25.68011549948325,24.1111636212396,-1.1424661807953387e-15,0.0,0.0,0.0,0.0,0.0,0.0,0.002734891644766232,0.07638631919499006,-0.07912121083975665,25.68011549948325,24.1111636212396,-1.1424661807953387e-15,0.0,0.0,0.0,0.0
46,0.0046,0.0,0.0,0.0,0.0,0.0,0.0,0.0,0.0,0.0,0.0,0.0,0.0,0.0,0.0,0.0,0.0,0.0,0.0,0.0,0.0,0.0,0.0,0.0,0.0,0.0,0.0,0.0,0.0,0.0,0.0,25.862822549869644,24.285931239555484,6.767623841972409e-15,0.0,0.0,0.0,25.862822549869644,24.285931239555484,6.767623841972409e-15,0.0,0.0,0.0,0.0,0.0,0.0,0.002822440691673139,0.07810697737880332,-0.08092941807047684,25.862822549869644,24.285931239555484,6.767623841972409e-15,0.0,0.0,0.0,0.0
47,0.004699999999999999,0.0,0.0,0.0,0.0,0.0,0.0,0.0,0.0,0.0,0.0,0.0,0.0,0.0,0.0,0.0,0.0,0.0,0.0,0.0,0.0,0.0,0.0,0.0,0.0,0.0,0.0,0.0,0.0,0.0,0.0,26.04539819033879,24.46088149474123,3.2364586813500573e-15,0.0,0.0,0.0,26.04539819033879,24.46088149474123,3.2364586813500573e-15,0.0,0.0,0.0,0.0,0.0,0.0,0.002910008961727622,0.07982761292319647,-0.08273762188492448,26.04539819033879,24.46088149474123,3.2364586813500573e-15,0.0,0.0,0.0,0.0
48,0.004799999999999999,0.0,0.0,0.0,0.0,0.0,0.0,0.0,0.0,0.0,0.0,0.0,0.0,0.0,0.0,0.0,0.0,0.0,0.0,0.0,0.0,0.0,0.0,0.0,0.0,0.0,0.0,0.0,0.0,0.0,0.0,26.22785076737404,24.636000729441527,6.093419497275876e-15,0.0,0.0,0.0,26.22785076737404,24.636000729441527,6.093419497275876e-15,0.0,0.0,0.0,0.0,0.0,0.0,0.0029975951654780926,0.08154822747183385,-0.0845458226373123,26.22785076737404,24.636000729441527,6.093419497275876e-15,0.0,0.0,0.0,0.0
49,0.004899999999999999,0.0,0.0,0.0,0.0,0.0,0.0,0.0,0.0,0.0,0.0,0.0,0.0,0.0,0.0,0.0,0.0,0.0,0.0,0.0,0.0,0.0,0.0,0.0,0.0,0.0,0.0,0.0,0.0,0.0,0.0,26.410188223534817,24.811275950161995,8.316237238778501e-16,0.0,0.0,0.0,26.410188223534817,24.811275950161995,8.316237238778501e-16,0.0,0.0,0.0,0.0,0.0,0.0,0.0030851980759722853,0.08326882258854353,-0.0863540206645162,26.410188223534817,24.811275950161995,8.316237238778501e-16,0.0,0.0,0.0,0.0
50,0.004999999999999999,0.0,0.0,0.0,0.0,0.0,0.0,0.0,0.0,0.0,0.0,0.0,0.0,0.0,0.0,0.0,0.0,0.0,0.0,0.0,0.0,0.0,0.0,0.0,0.0,0.0,0.0,0.0,0.0,0.0,0.0,26.592418109863182,24.986694827044424,4.148936782241014e-16,0.0,0.0,0.0,26.592418109863182,24.986694827044424,4.148936782241014e-16,0.0,0.0,0.0,0.0,0.0,0.0,0.003172816527508894,0.08498939975775266,-0.08816221628526194,26.592418109863182,24.986694827044424,4.148936782241014e-16,0.0,0.0,0.0,0.0
